Workbook

Sheet Master Tracker
A1: ID | B1: Category | C1: Service Name | D1: Phase | E1: Priority | F1: Lab Status | G1: Lab Owner | H1: Lab Start | I1: Lab Complete | J1: Obera Status | K1: Obera Owner | L1: Obera Start | M1: Obera Complete | N1: Customer Status | O1: Customer Owner | P1: Notes | Q1: Dependencies
A2: IAM-001 | B2: Identity & Access | C2: Microsoft Entra ID | D2: Phase 1 | E2: Critical | F2: In Progress | G2: Maverick | H2: 2025-11-28 | J2: Not Started | N2: Not Started | P2: Foundation for all Azure services [2025-11-28 02:45] LAB: Starting foundation identity setup | Q2: None
A3: IAM-002 | B3: Identity & Access | C3: Entra ID P1/P2 | D3: Phase 1 | E3: Critical | F3: Not Started | J3: Not Started | N3: Not Started | P3: Conditional Access, Identity Protection | Q3: IAM-001
A4: IAM-003 | B4: Identity & Access | C4: Entra Connect / Cloud Sync | D4: Phase 1 | E4: High | F4: Not Started | J4: Not Started | N4: Not Started | P4: Hybrid identity sync | Q4: IAM-001
A5: IAM-004 | B5: Identity & Access | C5: Privileged Identity Management | D5: Phase 2 | E5: High | F5: Not Started | J5: Not Started | N5: Not Started | P5: Just-in-time privileged access | Q5: IAM-002
A6: IAM-005 | B6: Identity & Access | C6: Entra Domain Services | D6: Phase 2 | E6: Medium | F6: Not Started | J6: Not Started | N6: Not Started | P6: Managed AD DS in cloud | Q6: IAM-001
A7: SEC-001 | B7: Security | C7: Defender for Endpoint | D7: Phase 1 | E7: Critical | F7: Not Started | J7: Not Started | N7: Not Started | P7: EDR/XDR, integrates with Intune | Q7: IAM-001, EPM-001
A8: SEC-002 | B8: Security | C8: Defender for Office 365 | D8: Phase 1 | E8: Critical | F8: Not Started | J8: Not Started | N8: Not Started | P8: Email security, anti-phishing | Q8: IAM-001
A9: SEC-003 | B9: Security | C9: Defender for Identity | D9: Phase 1 | E9: High | F9: Not Started | J9: Not Started | N9: Not Started | P9: Protects on-prem AD | Q9: IAM-003
A10: SEC-004 | B10: Security | C10: Defender for Cloud | D10: Phase 2 | E10: High | F10: Not Started | J10: Not Started | N10: Not Started | P10: CSPM + workload protection | Q10: MON-001
A11: SEC-005 | B11: Security | C11: Microsoft Sentinel | D11: Phase 2 | E11: Critical | F11: Not Started | J11: Not Started | N11: Not Started | P11: SIEM/SOAR - Major MSP opportunity | Q11: MON-002
A12: SEC-006 | B12: Security | C12: Azure Key Vault | D12: Phase 2 | E12: High | F12: Not Started | J12: Not Started | N12: Not Started | P12: Secrets, keys, certificates | Q12: IAM-001
A13: SEC-007 | B13: Security | C13: Defender for Cloud Apps | D13: Phase 2 | E13: High | F13: Not Started | J13: Not Started | N13: Not Started | P13: CASB for SaaS security | Q13: IAM-002
A14: SEC-008 | B14: Security | C14: Azure Firewall | D14: Phase 2 | E14: Medium | F14: Not Started | J14: Not Started | N14: Not Started | P14: Cloud-native firewall | Q14: NET-001
... A61: AI-001 | B61: AI & ML | C61: Azure OpenAI Service | D61: Phase 4 | E61: Medium | F61: Not Started | J61: Not Started | N61: Not Started | P61: GPT-4, DALL-E APIs | Q61: IAM-001

Sheet Dashboard
A1: OberaConnect Azure Services Pipeline Dashboard
A3: Pipeline Summary
A4: Metric | B4: Lab | C4: Obera | D4: Customer | E4: Total
A5: Not Started | B5: =COUNTIF('Master Tracker'!F:F,"Not Started") | C5: =COUNTIF('Master Tracker'!J:J,"Not Started") | D5: =COUNTIF('Master Tracker'!N:N,"Not Started") | E5: =B5+C5+D5
A6: In Progress | B6: =COUNTIF('Master Tracker'!F:F,"In Progress") | C6: =COUNTIF('Master Tracker'!J:J,"In Progress") | D6: =COUNTIF('Master Tracker'!N:N,"In Progress") | E6: =B6+C6+D6
A7: Testing | B7: =COUNTIF('Master Tracker'!F:F,"Testing") | C7: =COUNTIF('Master Tracker'!J:J,"Testing") | D7: =COUNTIF('Master Tracker'!N:N,"Testing") | E7: =B7+C7+D7
A8: Complete | B8: =COUNTIF('Master Tracker'!F:F,"Complete") | C8: =COUNTIF('Master Tracker'!J:J,"Complete") | D8: =COUNTIF('Master Tracker'!N:N,"Complete") | E8: =B8+C8+D8
A9: Blocked | B9: =COUNTIF('Master Tracker'!F:F,"Blocked") | C9: =COUNTIF('Master Tracker'!J:J,"Blocked") | D9: =COUNTIF('Master Tracker'!N:N,"Blocked") | E9: =B9+C9+D9
A10: Total Services | B10: =COUNTA('Master Tracker'!A:A)-1
A12: Services by Phase
A13: Phase | B13: Count | C13: Critical | D13: High | E13: Medium | F13: Low
A14: Phase 1 | B14: =COUNTIF('Master Tracker'!D:D,"Phase 1") | C14: =COUNTIFS('Master Tracker'!D:D,"Phase 1",'Master Tracker'!E:E,"Critical") | D14: =COUNTIFS('Master Tracker'!D:D,"Phase 1",'Master Tracker'!E:E,"High") | E14: =COUNTIFS('Master Tracker'!D:D,"Phase 1",'Master Tracker'!E:E,"Medium") | F14: =COUNTIFS('Master Tracker'!D:D,"Phase 1",'Master Tracker'!E:E,"Low")
A15: Phase 2 | B15: =COUNTIF('Master Tracker'!D:D,"Phase 2") | C15: =COUNTIFS('Master Tracker'!D:D,"Phase 2",'Master Tracker'!E:E,"Critical") | D15: =COUNTIFS('Master Tracker'!D:D,"Phase 2",'Master Tracker'!E:E,"High") | E15: =COUNTIFS('Master Tracker'!D:D,"Phase 2",'Master Tracker'!E:E,"Medium") | F15: =COUNTIFS('Master Tracker'!D:D,"Phase 2",'Master Tracker'!E:E,"Low")
A16: Phase 3 | B16: =COUNTIF('Master Tracker'!D:D,"Phase 3") | C16: =COUNTIFS('Master Tracker'!D:D,"Phase 3",'Master Tracker'!E:E,"Critical") | D16: =COUNTIFS('Master Tracker'!D:D,"Phase 3",'Master Tracker'!E:E,"High") | E16: =COUNTIFS('Master Tracker'!D:D,"Phase 3",'Master Tracker'!E:E,"Medium") | F16: =COUNTIFS('Master Tracker'!D:D,"Phase 3",'Master Tracker'!E:E,"Low")
A17: Phase 4 | B17: =COUNTIF('Master Tracker'!D:D,"Phase 4") | C17: =COUNTIFS('Master Tracker'!D:D,"Phase 4",'Master Tracker'!E:E,"Critical") | D17: =COUNTIFS('Master Tracker'!D:D,"Phase 4",'Master Tracker'!E:E,"High") | E17: =COUNTIFS('Master Tracker'!D:D,"Phase 4",'Master Tracker'!E:E,"Medium") | F17: =COUNTIFS('Master Tracker'!D:D,"Phase 4",'Master Tracker'!E:E,"Low")
A19: Services by Category
A20: Category | B20: Total | C20: Lab Complete | D20: Obera Complete | E20: Customer Ready
A21: Identity & Access | B21: =COUNTIF('Master Tracker'!B:B,"Identity & Access") | C21: =COUNTIFS('Master Tracker'!B:B,"Identity & Access",'Master Tracker'!F:F,"Complete") | D21: =COUNTIFS('Master Tracker'!B:B,"Identity & Access",'Master Tracker'!J:J,"Complete") | E21: =COUNTIFS('Master Tracker'!B:B,"Identity & Access",'Master Tracker'!N:N,"Complete")
A22: Security | B22: =COUNTIF('Master Tracker'!B:B,"Security") | C22: =COUNTIFS('Master Tracker'!B:B,"Security",'Master Tracker'!F:F,"Complete") | D22: =COUNTIFS('Master Tracker'!B:B,"Security",'Master Tracker'!J:J,"Complete") | E22: =COUNTIFS('Master Tracker'!B:B,"Security",'Master Tracker'!N:N,"Complete")
A23: Endpoint Mgmt | B23: =COUNTIF('Master Tracker'!B:B,"Endpoint Mgmt") | C23: =COUNTIFS('Master Tracker'!B:B,"Endpoint Mgmt",'Master Tracker'!F:F,"Complete") | D23: =COUNTIFS('Master Tracker'!B:B,"Endpoint Mgmt",'Master Tracker'!J:J,"Complete") | E23: =COUNTIFS('Master Tracker'!B:B,"Endpoint Mgmt",'Master Tracker'!N:N,"Complete")
A24: Virtual Desktop | B24: =COUNTIF('Master Tracker'!B:B,"Virtual Desktop") | C24: =COUNTIFS('Master Tracker'!B:B,"Virtual Desktop",'Master Tracker'!F:F,"Complete") | D24: =COUNTIFS('Master Tracker'!B:B,"Virtual Desktop",'Master Tracker'!J:J,"Complete") | E24: =COUNTIFS('Master Tracker'!B:B,"Virtual Desktop",'Master Tracker'!N:N,"Complete")
A25: Networking | B25: =COUNTIF('Master Tracker'!B:B,"Networking") | C25: =COUNTIFS('Master Tracker'!B:B,"Networking",'Master Tracker'!F:F,"Complete") | D25: =COUNTIFS('Master Tracker'!B:B,"Networking",'Master Tracker'!J:J,"Complete") | E25: =COUNTIFS('Master Tracker'!B:B,"Networking",'Master Tracker'!N:N,"Complete")
A26: Compute | B26: =COUNTIF('Master Tracker'!B:B,"Compute") | C26: =COUNTIFS('Master Tracker'!B:B,"Compute",'Master Tracker'!F:F,"Complete") | D26: =COUNTIFS('Master Tracker'!B:B,"Compute",'Master Tracker'!J:J,"Complete") | E26: =COUNTIFS('Master Tracker'!B:B,"Compute",'Master Tracker'!N:N,"Complete")
A27: Storage | B27: =COUNTIF('Master Tracker'!B:B,"Storage") | C27: =COUNTIFS('Master Tracker'!B:B,"Storage",'Master Tracker'!F:F,"Complete") | D27: =COUNTIFS('Master Tracker'!B:B,"Storage",'Master Tracker'!J:J,"Complete") | E27: =COUNTIFS('Master Tracker'!B:B,"Storage",'Master Tracker'!N:N,"Complete")
A28: Backup & DR | B28: =COUNTIF('Master Tracker'!B:B,"Backup & DR") | C28: =COUNTIFS('Master Tracker'!B:B,"Backup & DR",'Master Tracker'!F:F,"Complete") | D28: =COUNTIFS('Master Tracker'!B:B,"Backup & DR",'Master Tracker'!J:J,"Complete") | E28: =COUNTIFS('Master Tracker'!B:B,"Backup & DR",'Master Tracker'!N:N,"Complete")
A29: Databases | B29: =COUNTIF('Master Tracker'!B:B,"Databases") | C29: =COUNTIFS('Master Tracker'!B:B,"Databases",'Master Tracker'!F:F,"Complete") | D29: =COUNTIFS('Master Tracker'!B:B,"Databases",'Master Tracker'!J:J,"Complete") | E29: =COUNTIFS('Master Tracker'!B:B,"Databases",'Master Tracker'!N:N,"Complete")
A30: Monitoring | B30: =COUNTIF('Master Tracker'!B:B,"Monitoring") | C30: =COUNTIFS('Master Tracker'!B:B,"Monitoring",'Master Tracker'!F:F,"Complete") | D30: =COUNTIFS('Master Tracker'!B:B,"Monitoring",'Master Tracker'!J:J,"Complete") | E30: =COUNTIFS('Master Tracker'!B:B,"Monitoring",'Master Tracker'!N:N,"Complete")
A31: Migration | B31: =COUNTIF('Master Tracker'!B:B,"Migration") | C31: =COUNTIFS('Master Tracker'!B:B,"Migration",'Master Tracker'!F:F,"Complete") | D31: =COUNTIFS('Master Tracker'!B:B,"Migration",'Master Tracker'!J:J,"Complete") | E31: =COUNTIFS('Master Tracker'!B:B,"Migration",'Master Tracker'!N:N,"Complete")
A32: M365 Integration | B32: =COUNTIF('Master Tracker'!B:B,"M365 Integration") | C32: =COUNTIFS('Master Tracker'!B:B,"M365 Integration",'Master Tracker'!F:F,"Complete") | D32: =COUNTIFS('Master Tracker'!B:B,"M365 Integration",'Master Tracker'!J:J,"Complete") | E32: =COUNTIFS('Master Tracker'!B:B,"M365 Integration",'Master Tracker'!N:N,"Complete")
A33: DevOps | B33: =COUNTIF('Master Tracker'!B:B,"DevOps") | C33: =COUNTIFS('Master Tracker'!B:B,"DevOps",'Master Tracker'!F:F,"Complete") | D33: =COUNTIFS('Master Tracker'!B:B,"DevOps",'Master Tracker'!J:J,"Complete") | E33: =COUNTIFS('Master Tracker'!B:B,"DevOps",'Master Tracker'!N:N,"Complete")
A34: AI & ML | B34: =COUNTIF('Master Tracker'!B:B,"AI & ML") | C34: =COUNTIFS('Master Tracker'!B:B,"AI & ML",'Master Tracker'!F:F,"Complete") | D34: =COUNTIFS('Master Tracker'!B:B,"AI & ML",'Master Tracker'!J:J,"Complete") | E34: =COUNTIFS('Master Tracker'!B:B,"AI & ML",'Master Tracker'!N:N,"Complete")

Sheet Phase 1 Focus
A1: Phase 1: Foundation Services (Months 1-3)
A2: These services form the foundation for all Azure deployments and should be mastered first.
A4: Service | B4: Category | C4: Priority | D4: Lab Status | E4: Owner | F4: Target Date
A5: Microsoft Entra ID | B5: Identity & Access | C5: Critical | D5: Not Started
A6: Entra ID P1/P2 | B6: Identity & Access | C6: Critical | D6: Not Started
A7: Entra Connect / Cloud Sync | B7: Identity & Access | C7: High | D7: Not Started
A8: Defender for Endpoint | B8: Security | C8: Critical | D8: Not Started
A9: Defender for Office 365 | B9: Security | C9: Critical | D9: Not Started
A10: Defender for Identity | B10: Security | C10: High | D10: Not Started
A11: Microsoft Intune | B11: Endpoint Mgmt | C11: Critical | D11: Not Started
A12: Windows Autopilot | B12: Endpoint Mgmt | C12: High | D12: Not Started
A13: Azure Virtual Network | B13: Networking | C13: Critical | D13: Not Started
A14: Azure VPN Gateway | B14: Networking | C14: Critical | D14: Not Started
A15: Azure DNS | B15: Networking | C15: High | D15: Not Started
A16: Azure Virtual Machines | B16: Compute | C16: Critical | D16: Not Started
... A27: Azure Migrate | B27: Migration | C27: Critical | D27: Not Started

Sheet Runbook Template
A1: Service Runbook Template
A3: Service Name:
A4: Service ID:
A5: Category:
A6: Phase:
A8: PREREQUISITES
A9: Required Licenses:
A10: Required Permissions:
A11: Dependencies:
A12: Estimated Setup Time:
A14: LAB DEPLOYMENT
A15: Step 1:
... A44: Customer-Ready Date:
